contribution model,contribution intensity,contribution type
1,0.156128738,commits
1,0.123262806,commits
1,0.08455203,commits
1,0.072404188,commits
1,0.061772388,commits
1,0.017442954,commits
1,0.016679368,commits
1,0.070332158,commits
1,0.014513644,commits
1,0.015068035,commits
1,0.014487059,commits
1,0.007581015,commits
1,0.004179649,commits
1,0.001372502,commits
1,0.00229347,commits
1,0.007318248,commits
1,0.003745503,commits
1,0.001355281,commits
1,0.001857873,commits
1,0.000198589,commits
1,0.001304668,commits
1,0.003544201,commits
1,0.000965977,commits
1,0.001932307,commits
1,0.001557262,commits
1,0.000524994,commits
1,0.001087116,commits
1,0.000993225,commits
1,0.000198537,commits
1,0.002562715,commits
1,0.000763738,commits
1,0.00083846,commits
1,0.001072814,commits
1,0.001894545,commits
1,0.000397771,commits
1,8.16E-05,commits
1,2.70E-05,commits
1,0.000871011,commits
1,0.000108464,commits
1,0.000397073,commits
1,0.000534655,commits
1,0.000290337,commits
1,0.000671027,commits
1,5.33E-05,commits
1,0.000109513,commits
2,0.025436409,commits
2,0.017397096,commits
2,0.002824031,commits
2,0.004675946,commits
2,0.003222337,commits
2,0.001721302,commits
2,0.002925754,commits
2,0.003091497,commits
2,0.002941193,commits
2,0.002792093,commits
2,0.002906122,commits
2,0.002439765,commits
2,0.001697545,commits
2,0.001943436,commits
2,0.001385645,commits
2,0.001379348,commits
2,0.001293483,commits
2,0.001669686,commits
2,0.002485354,commits
2,0.001519394,commits
2,0.00139838,commits
2,0.0009238,commits
2,0.001552927,commits
2,0.000133579,commits
2,0.001108887,commits
2,0.001500537,commits
2,0.000897405,commits
2,0.000811381,commits
2,0.000266418,commits
2,0.000475097,commits
2,0.000418905,commits
2,0.000890208,commits
2,0.000639123,commits
2,0.001181366,commits
2,0.000518077,commits
2,0.000616037,commits
2,0.000587748,commits
2,0.000427023,commits
2,0.00054782,commits
2,0.000216368,commits
2,0.000186752,commits
2,0.000222476,commits
2,0.000159781,commits
2,0.000276063,commits
2,0.000295011,commits
2,0.000794146,commits
2,5.40E-05,commits
2,9.86E-05,commits
2,0.000114129,commits
2,7.60E-05,commits
2,4.57E-05,commits
3,0.00717974,commits
3,0.00753292,commits
3,0.006103286,commits
3,0.00570646,commits
3,0.003459779,commits
3,0.003589622,commits
3,0.002517791,commits
3,0.000937323,commits
3,0.002357267,commits
3,0.001183358,commits
3,0.001421098,commits
3,0.000970203,commits
3,0.000680123,commits
3,0.0015918,commits
3,0.000838427,commits
3,0.001075399,commits
3,0.005281556,commits
3,0.000417303,commits
3,0.000603078,commits
3,0.000255729,commits
3,0.000542112,commits
3,0.002043947,commits
3,0.000828191,commits
3,0.000324552,commits
3,0.00020457,commits
3,0.000372931,commits
3,5.20E-05,commits
3,5.92E-05,commits
3,4.57E-05,commits
4,0.011384358,commits
4,0.00073904,commits
4,0.000128266,commits
4,2.70E-05,commits
5,0.014227371,commits
5,0.00291832,commits
5,0.000460823,commits
5,0.000279421,commits
5,0.000811381,commits
6,0.001037018,commits
6,0.000141812,commits
6,0.00036952,commits
6,9.13E-05,commits
6,0.000111436,commits
6,0.000197132,commits
6,0.00013332,commits
6,0.000456517,commits
6,0.000147849,commits
6,2.49E-05,commits
6,0.000226899,commits
6,6.85E-05,commits
6,0.000159781,commits
6,0.000106863,commits
6,2.70E-05,commits
6,6.85E-05,commits
1,0.101922217,developers
1,0.077955987,developers
1,0.069542483,developers
1,0.105798992,developers
1,0.069451842,developers
1,0.010112766,developers
1,0.026344966,developers
1,0.047153642,developers
1,0.011576889,developers
1,0.01808481,developers
1,0.011946493,developers
1,0.006601668,developers
1,0.001341082,developers
1,0.001921845,developers
1,0.005828276,developers
1,0.008172188,developers
1,0.004023245,developers
1,0.001953125,developers
1,0.006594512,developers
1,0.002095548,developers
1,0.0049173,developers
1,0.00147993,developers
1,0.000971686,developers
1,0.0078125,developers
1,0.002023472,developers
1,0.002832861,developers
1,0.00212807,developers
1,0.001457529,developers
1,0.000736377,developers
1,0.001857811,developers
1,0.003017968,developers
1,0.000371204,developers
1,0.000894055,developers
1,0.001477651,developers
1,0.001247657,developers
1,0.001000348,developers
1,0.000404694,developers
1,0.00256246,developers
1,0.00114352,developers
1,0.001472754,developers
1,0.001298749,developers
1,0.001477651,developers
1,0.000742408,developers
1,0.000447027,developers
1,0.001043536,developers
2,0.011451792,developers
2,0.02306214,developers
2,0.005364327,developers
2,0.006820567,developers
2,0.0011952,developers
2,0.003220315,developers
2,0.001618778,developers
2,0.004102947,developers
2,0.003413826,developers
2,0.003650547,developers
2,0.003626978,developers
2,0.001631463,developers
2,0.001084152,developers
2,0.004110259,developers
2,0.00201024,developers
2,0.003147954,developers
2,0.001652351,developers
2,0.005640926,developers
2,0.001368882,developers
2,0.001895226,developers
2,0.003298776,developers
2,0.001049318,developers
2,0.00153953,developers
2,0.001953125,developers
2,0.00074599,developers
2,0.0020461,developers
2,0.001618778,developers
2,0.001477651,developers
2,0.000640615,developers
2,0.002955301,developers
2,0.002237971,developers
2,0.000447027,developers
2,0.001491981,developers
2,0.001152012,developers
2,0.001156401,developers
2,0.001118985,developers
2,0.000404694,developers
2,0.001416531,developers
2,0.000447027,developers
2,0.001864976,developers
2,0.000591702,developers
2,0.001267968,developers
2,0.000738825,developers
2,0.000485843,developers
2,0.001078778,developers
2,0.002209131,developers
2,0.001344751,developers
2,0.001118985,developers
2,0.000524659,developers
2,0.000736377,developers
2,0.000738825,developers
3,0.005272737,developers
3,0.005727151,developers
3,0.00512492,developers
3,0.012547051,developers
3,0.008297718,developers
3,0.002682164,developers
3,0.005528972,developers
3,0.001010502,developers
3,0.001603915,developers
3,0.002433677,developers
3,0.00173292,developers
3,0.001928374,developers
3,0.003042246,developers
3,0.002413721,developers
3,0.003237556,developers
3,0.00214876,developers
3,0.001472754,developers
3,0.002602414,developers
3,0.000774107,developers
3,0.001152012,developers
3,0.001491981,developers
3,0.001603915,developers
3,0.000736377,developers
3,0.001864976,developers
3,0.002084692,developers
3,0.00100652,developers
3,0.000387054,developers
3,0.00057176,developers
3,0.000372995,developers
4,0.003891051,developers
4,0.000640615,developers
4,0.000980037,developers
4,0.000372995,developers
5,0.007827654,developers
5,0.001798725,developers
5,0.000971686,developers
5,0.001414341,developers
5,0.000447027,developers
6,0.003406887,developers
6,0.00128123,developers
6,0.001921845,developers
6,0.000404694,developers
6,0.001234394,developers
6,0.000404694,developers
6,0.000582637,developers
6,0.000369413,developers
6,0.000524659,developers
6,0.000387054,developers
6,0.000640615,developers
6,0.000369413,developers
6,0.000738825,developers
6,0.000736377,developers
6,0.000447027,developers
6,0.000369413,developers