HP,1
Rackspace,1
OpenStack Foundation,4
ThoughtWorks,2
HPE,1
Nimbis Services,3
Red Hat,1
Wikimedia Foundation,3
Canonical,1
Nebula,1
SUSE,1
eNovance,1
PolyBeacon,2
Mirantis,1
Thales,1
Metacloud,1
Debian,4
B1 Systems GmbH,1
Cisco Systems,1
EMC,2
MIT,6
Fujitsu,2
Intel,2
IBM,1
NTT,3
Persistent Systems,1
Cloudbase Solutions,2
Huawei,1
CERN,3
NEC,1
inwinSTACK,2
Piston Cloud,1
Grid Dynamics,2
Dell,1
SwiftStack,2
DreamHost,2
Citrix,2
Docker,2
Cloudscaling,1
StackOps,1
Internap,1
SINA,1
Cloudbau,2
Chef,5
Cloudwatt,1
VMware,2
Deutsche Telekom,3
Time Warner Cable,3
Yahoo!,3
SolidFire,2
Midokura,2
NetApp,2
Johns Hopkins University Applied Physics Laboratory,6
iWeb,1
Symantec,3
Opscode,5
StackStorm,2
Ericsson,3
Alcatel Lucent,2
99cloud,1
Awcloud,1
Catalyst IT,1
AT&T,3
EasyStack,1
Puppet Labs,5
UnitedStack,1
Aptira,1
GoDaddy,3
University of Melbourne,6
University of Alaska,6
Codethink,2
eBay,3
Reliance,3
FathomDB,2
VA Linux,2
Big Switch Networks,2
Brocade,2
Blue Box,1
PLUMgrid,2
NetEase,1
Samsung,3
The University of Melbourne,3
Virginia Commonwealth University,6
Arista Networks,2
Mellanox,2
Universidade Federal de Campina Grande,6
Numergy,1
Comcast,3
Tesora,2
Datera,2
Hitachi,2
Akanda,2
x-ion,1
Osones,1
Pure Storage,2
Workday,3
Parallels,2
A10 Networks,2
ParElastic Corp,2
Oracle,2
EPAM,1
Linaro,2
SAP,3
Orange,3
Keio University,6
NeCTAR,3
Objectif Libre,2
Overstock.com,3
China Mobile,3
kylin cloud,1
PNNL,8
Tata,1
Nokia,1
UMCloud,1
"University of Ljubljana, Faculty of Computer and Information Science",6
Limestone Networks,1
EverBread Inc,3
Styra,2
Portland State University,6
Tunnel Vision Laboratories,6
The University of Texas at San Antonio,6
University of Kent,6
Infoblox,2
Sony Mobile Communications,3
Swisscom,3
Scality,2
Charter,3
Walmart,3
MapR,2
The Linux Foundation,4
