Mirantis,1,54076
Red Hat,1,44880
HP,1,34109
Rackspace,1,32798
IBM,1,23784
VMware,3,9199
Google,7,7814
Intel,3,7451
SUSE,1,7414
Cisco Systems,1,7251
OpenStack Foundation,6,6757
HPE,1,6496
NEC,1,6386
Huawei,1,4848
Nebula,1,4702
Fujitsu,3,3800
eNovance,1,3617
DreamHost,2,3085
StackOps,1,3009
Yahoo!,5,2733
SAP,5,2645
Sony Mobile Communications,5,2249
EasyStack,1,2053
NTT,5,2053
99cloud,1,1887
Canonical,1,1680
AT&T,5,1659
Big Switch Networks,3,1521
Cloudscaling,1,1471
Comcast,5,1383
Midokura,2,1349
B1 Systems GmbH,1,1343
Puppet Labs,7,1260
UnitedStack,1,1193
ZTE Corporation,1,1175
VA Linux,4,1173
Cloudbase Solutions,2,1019
SwiftStack,2,1019
Ericsson,5,909
Tesora,2,859
Dell,1,736
Thales,1,725
Citrix,3,704
Objectif Libre,4,695
iWeb,1,582
SolidFire,2,565
NetApp,2,561
Samsung,5,551
Piston Cloud,1,491
ThoughtWorks,4,462
EMC,3,459
Metacloud,1,445
Nimbis Services,5,438
PLUMgrid,3,437
Cloudwatt,1,423
Grid Dynamics,4,415
Wikimedia Foundation,5,412
Akanda,2,411
Brocade,3,408
Walmart,5,401
Orange,5,385
awcloud,1,373
CERN,5,350
LSD UFCG,5,337
Time Warner Cable,5,337
Catalyst IT,1,333
Chef,7,318
Symantec,5,313
CirrusMio,5,302
Bitergia,7,300
Deutsche Telekom,5,293
Hitachi,3,292
Cloudbau,4,268
UMCloud,1,264
Blue Box,1,263
NeCTAR,5,257
eBay,5,253
Codethink,4,253
A10 Networks,3,247
FathomDB,2,247
inwinSTACK,4,240
Tata,1,236
x-ion,1,227
Mellanox,3,226
GoDaddy,5,218
Arista Networks,3,215
Universidade Federal de Campina Grande,8,212
Seznam.cz,2,209
PolyBeacon,4,189
Alcatel Lucent,3,174
The University of Melbourne,5,164
MIT,8,158
Oracle,3,154
Infoblox,3,150
MapR,3,150
Docker,3,149
StackStorm,2,142
Workday,5,138
Johns Hopkins University Applied Physics Laboratory,8,134
EverBread Inc,5,124
Overstock.com,5,123
Pure Storage,2,119
Styra,3,118
Parallels,3,117
Persistent Systems,4,115
EPAM,4,111
Nokia,3,110
Nexenta,3,109
Radware,3,109
Dt Dream,3,105
Reliance,5,101
China Mobile,5,93
Datera,3,90
Charter,5,90
Cybera,6,89
ParElastic Corp,2,85
PNNL,8,84
Hortonworks,3,74
Debian,6,73
Quanta Research Cambridge,3,72
Locaweb,3,72
Metaswitch,3,71
SimpliVity,3,71
Fortinet,3,70
Gridcentric,3,63
Embrane,3,63
University of Melbourne,8,62
Zadara Storage,2,59
Tigera,3,57
"University of Ljubljana, Faculty of Computer and Information Science",8,53
The Linux Foundation,6,38
Linaro,3,36
Tunnel Vision Laboratories,8,31
Juniper,3,26
Oregon State University,8,20
Bloomberg,5,17
Scality,3,16
Keio University,8,13
SBERBANK,5,12
IPHC - CNRS - University of Strasbourg,8,11
GohighSec,2,10
University of Chicago,8,8
"University of Essex, School of Computer Science and Electronic Engineering",8,8
BMW Car IT GmbH,5,7
University of Szeged,8,7
Portland State University,8,4
University of Zurich,8,4
Monash University,8,3
Clemson University,8,3
University of Kent,8,3
eSapiens Internet Ltda,5,2
Open Source Initiative,6,2
Smile Open Source Solutions,4,2
Swisscom,5,2
"University of Toronto Libraries, Ontario Council of University Libraries, Scholars Portal",8,2
Boston Limited,8,2
Middle East Technical University,8,2
Boston University,8,2
"Huaxin Hospital, First Hospital of Tsinghua University",8,2
University of Alaska,8,2
Python Software Foundation,6,1
University of Maryland,8,1
Clayton State University,8,1
Liveperson,5,1
University of Minnesota,8,1
Open Networking Laboratory,6,1
The University of Texas at San Antonio,8,1
Virginia Commonwealth University,8,1
