Mirantis,1,54076
Red Hat,1,44880
HP,1,34109
Rackspace,1,32798
IBM,1,23779
VMware,2,9199
Google,5,7814
Intel,2,7451
SUSE,1,7414
Cisco Systems,1,7251
OpenStack Foundation,4,6757
HPE,1,6496
NEC,1,6386
Huawei,1,4848
Nebula,1,4702
Fujitsu,2,3800
eNovance,1,3617
DreamHost,2,3085
StackOps,1,3009
Yahoo!,3,2733
SAP,3,2645
Sony Mobile Communications,3,2249
NTT,3,2053
EasyStack,1,2053
99cloud,1,1887
Canonical,1,1680
AT&T,3,1659
Big Switch Networks,2,1521
Cloudscaling,1,1471
Comcast,3,1383
Midokura,2,1349
B1 Systems GmbH,1,1343
Puppet Labs,5,1260
UnitedStack,1,1193
ZTE Corporation,1,1175
VA Linux,2,1173
SwiftStack,2,1019
Cloudbase Solutions,2,1019
Ericsson,3,909
Tesora,2,859
Dell,1,736
Thales,1,725
Citrix,2,704
Objectif Libre,2,695
iWeb,1,582
SolidFire,2,565
NetApp,2,561
Samsung,3,551
Piston Cloud,1,491
ThoughtWorks,2,462
EMC,2,459
Metacloud,1,445
Nimbis Services,3,438
PLUMgrid,2,437
Cloudwatt,1,423
Grid Dynamics,2,415
Wikimedia Foundation,3,412
Akanda,2,411
Brocade,2,408
Walmart,3,401
Orange,3,385
Awcloud,1,373
CERN,3,350
LSD UFCG,3,337
Time Warner Cable,3,337
Catalyst IT,1,333
Chef,5,318
Symantec,3,313
CirrusMio,3,302
Bitergia,5,300
Deutsche Telekom,3,293
Hitachi,2,292
Blue Box,1,268
Cloudbau,2,268
UMCloud,1,264
NeCTAR,3,257
eBay,3,253
Codethink,2,253
FathomDB,2,247
A10 Networks,2,247
inwinSTACK,2,240
Tata,1,236
Limestone Networks,1,230
x-ion,1,227
Mellanox,2,226
GoDaddy,3,218
Arista Networks,2,215
Universidade Federal de Campina Grande,6,212
Seznam.cz,2,209
t2cloud,1,197
PolyBeacon,2,189
Alcatel Lucent,2,174
kylin cloud,1,166
SINA,1,165
The University of Melbourne,3,164
MIT,6,158
Inspur,1,155
Oracle,2,154
Infoblox,2,150
MapR,2,150
Docker,2,149
Virtualtech,1,148
StackStorm,2,142
Workday,3,138
Johns Hopkins University Applied Physics Laboratory,6,134
NetEase,1,128
EverBread Inc,3,124
Overstock.com,3,123
Internap,1,122
Pure Storage,2,119
Styra,2,118
Parallels,2,117
Persistent Systems,1,115
Numergy,1,113
EPAM,2,111
Nokia,2,110
Opscode,5,109
Nexenta,2,109
Radware,2,109
Dt Dream,2,105
Reliance,3,101
Aptira,1,93
China Mobile,3,93
Datera,2,90
Charter,3,90
Cybera,4,89
ParElastic Corp,2,85
PNNL,6,84
Betacloud Solutions GmbH,1,77
Hortonworks,2,74
Debian,4,73
Quanta Research Cambridge,2,72
Locaweb,2,72
Metaswitch,2,71
SimpliVity,2,71
Fortinet,2,70
Embrane,2,63
Gridcentric,2,63
University of Melbourne,6,62
Zadara Storage,2,59
Tigera,2,57
"University of Ljubljana, Faculty of Computer and Information Science",6,53
H3C,1,44
Osones,1,42
The Linux Foundation,4,38
Linaro,2,36
Tunnel Vision Laboratories,6,31
Juniper,2,26
Oregon State University,6,20
Bloomberg,3,17
Scality,2,16
Keio University,6,13
SBERBANK,3,12
IPHC - CNRS - University of Strasbourg,6,11
GohighSec,2,10
The Apache Software Foundation,4,9
"University of Essex, School of Computer Science and Electronic Engineering",6,8
University of Chicago,6,8
BMW Car IT GmbH,3,7
University of Szeged,6,7
