Mirantis,54076
Red Hat,44880
HP,34109
Rackspace,32798
independent,29587
IBM,23784
VMware,9199
Google,7814
Intel,7451
SUSE,7414
Cisco Systems,7251
OpenStack Foundation,6757
HPE,6496
NEC,6386
Huawei,4848
Nebula,4702
Fujitsu,3800
eNovance,3617
DreamHost,3085
StackOps,3009
Yahoo!,2733
SAP,2645
Sony Mobile Communications,2249
NTT,2053
EasyStack,2053
99cloud,1887
Canonical,1680
AT&T,1659
Big Switch Networks,1521
Cloudscaling,1471
Comcast,1383
Midokura,1349
B1 Systems GmbH,1343
Puppet Labs,1260
UnitedStack,1193
ZTE Corporation,1175
VA Linux,1173
SwiftStack,1019
Cloudbase Solutions,1019
Ericsson,909
Tesora,859
Dell,736
Thales,725
Citrix,704
Objectif Libre,695
NASA,631
iWeb,582
SolidFire,565
NetApp,561
Samsung,551
Piston Cloud,491
ThoughtWorks,462
EMC,459
Metacloud,445
Nimbis Services,438
PLUMgrid,437
Cloudwatt,423
Grid Dynamics,415
Wikimedia Foundation,412
Akanda,411
Brocade,408
Walmart,401
Orange,385
Awcloud,373
CERN,350
Time Warner Cable,337
LSD UFCG,337
Catalyst IT,333
Chef,318
Symantec,313
CirrusMio,302
Bitergia,300
Deutsche Telekom,293
Hitachi,292
Cloudbau,268
UMCloud,264
Blue Box,263
NeCTAR,257
Codethink,253
eBay,253
FathomDB,247
A10 Networks,247
inwinSTACK,240
Tata,236
Limestone Networks,230
x-ion,227
Mellanox,226
GoDaddy,218
Arista Networks,215
Universidade Federal de Campina Grande,212
Seznam.cz,209
T2Cloud,197
PolyBeacon,189
Alcatel Lucent,174
kylin cloud,166
SINA,165
The University of Melbourne,164
MIT,158
Inspur,155
Oracle,154
Infoblox,150
MapR,150
Docker,149
Virtualtech,148
StackStorm,142
Workday,138
Johns Hopkins University Applied Physics Laboratory,134
NetEase,128
EverBread Inc,124
Overstock.com,123
Internap,122
Pure Storage,119
Styra,118
Parallels,117
Persistent Systems,115
Numergy,113
EPAM,111
GlobalLogic,110
Nokia,110
Opscode,109
Radware,109
Nexenta,109
Dt Dream,105
Reliance,101
Belnet,95
China Mobile,93
Aptira,93
Datera,90
Charter,90
Cybera,89
ParElastic Corp,85
PNNL,84
Betacloud Solutions GmbH,77
Hortonworks,74
Debian,73
Locaweb,72
Quanta Research Cambridge,72
SimpliVity,71
Metaswitch,71
Fortinet,70
Infinite,69
FIT,65
Cirrax GmbH,65
Fiberhome,64
Embrane,63
Gridcentric,63
Imaginea Technologies Inc.,62
University of Melbourne,62
Spanish National Research Council,61
XLAB,61
UTi Worldwide,60
Zadara Storage,59
Cray,59
JHU/APL,58
Tigera,57
CSIC,54
"University of Ljubljana, Faculty of Computer and Information Science",53
Bull,52
In August,51
The Guardian,49
SWITCH,47
Microsoft,47
B<>COM,46
H3C,44
HubSpot,44
Hastexo,43
Osones,42
Inktank,40
The Linux Foundation,38
Telefonica I+D,38
Universidad Polit?©cnica de Valencia,37
Yandex,36
Linaro,36
Izel Technologies,36
Snabb,35
One Convergence,35
Freescale,35
Internet Solutions,35
HCL,34
WindRiver System,34
Stratoscale,31
Universidade Federal de S_o Carlos,31
Tunnel Vision Laboratories,31
Bodeco,30
Servosity,30
Wind River,30
Askbot,30
USC-ISI,29
Kakaroto,29
OVH,29
PoleX,28
Maplelabs,27
MontaVista Software,27
Quobyte Inc.,27
Juniper,26
"VEXXHOST, Inc.",26
Pluribus Networks,25
Inria,24
Space Telescope Science Institute,24
Citrix Systems,23
LINBIT,23
XSky,23
"Sentinel Technologies, Inc.",23
Anchor,23
CloudVPS,23
Siltech Telecom,22
Metsi Technologies,22
Bacoosta IT Services,20
Oregon State University,20
TUBITAK,20
Allegro,19
Fermilab,19
Virtuozzo,19
HERE.com,19
JHUAPL,19
ggyy,19
Tintri,18
ZHAW ICCLab,18
Information Sciences Institute,18
International Business Machines Corporation,18
PowerTech Information Systems AS,18
Bloomberg,17
LETV,17
ProphetStor,16
Kickstarter,16
Chelsio Communications,16
Scality,16
Cavium Networks Montavista Group,16
Nimble Storage,16
SysEleven GmbH,15
Avi Networks,15
OneCloud Inc,14
Iron.io,14
KVH,14
Sohonet Ltd.,14
Wanclouds,14
Keio University,13
Rakuten,13
DataCentred,13
CSC,13
CRS4,13
Alyseo,12
Nippon Telegraph and Telephone Corporation,12
GigaSpaces,12
SBERBANK,12
Massachusetts Open Cloud,12
Cloudscale AG,12
Odin,11
Violin Memory,11
Dassault Systèmes,11
Bluehost,11
IPHC - CNRS - University of Strasbourg,11
Coho Data,11
Bhabha Atomic Research Centre,11
Huron,11
Easter-eggs,10
CGHackspace,10
Denali Systems,10
Create-Net,10
KDDI,10
ThomsonReuters,10
GohighSec,10
SoftLayer,10
Magentoebay,10
La Honda Research,10
Nuage Networks,10
Intracom Telecom,9
Verilume,9
company,9
The Apache Software Foundation,9
Apalia,9
GoodData,9
KT Corporation,9
cPanel,9
2GIS,9
Spil Games,9
Solinea,9
StackMasters,9
jike.com,9
Internet Initiative Japan Inc.,9
Servionica,9
Stackinsider,9
X-IO,8
StackHPC,8
"University of Essex, School of Computer Science and Electronic Engineering",8
ISP RAS,8
CIeNET Technologies,8
DEK Technologies,8
OnX Enterprise Solutions,8
University of Chicago,8
Chinac,8
CYSO,8
INFN National Institute for Nuclear Physics,7
V3 Innovations,7
University of Szeged,7
Topmanage,7
AVID,7
Bit-isle,7
BMW Car IT GmbH,7
Ericpol Sp. z o.o,7
OCF plc,7
ITKey,6
Hetzner PTY Ltd,6
Mail.Ru,6
Rightscale,6
"Hitach, Ltd.",6
NJTECH,6
6WIND,6
Siaras,6
iomart,6
Business Connexion,6
Zetta.IO,6
Memset,6
Instituto de Telecomunicacoes,6
Redpill Linpro,6
Salesforce,5
Argonne National Laboratory,5
Tegile Systems,5
"Collabora, Ltd",5
affiliated,5
Marist College,5
Industrial Technology Research Institute,5
BioMarin Pharmaceutical,5
dotCloud Inc,5
VirtualBridges,5
Flextronics,5
RackN,5
Adva Optical Networking,5
Noris Network AG,5
Ubisoft Entertainment,5
"SaltStack, Inc",5
San Diego Supercomputer Center,5
Zmanda,5
Percona,5
F5 Networks,5
InterhostAS,4
Ammeon,4
"Verisign, Inc",4
Cumulus Networks,4
Stripes,4
University of Zurich,4
Portland State University,4
NubeliU,4
Platform9 Systems,4
VMTurbo,4
Globo TV Networks,4
TBM,4
BinaryFlows,4
Webzilla,4
Cybercom,4
myown,4
Calxeda,4
BBVA,4
Logilab,4
Ysance,4
Deutsches Klimarechenzentrum GmbH,4
IPnett AB,4
Veritas Technologies LLC,4
Rage.Net,4
gaoyang,4
Kakao Corp.,3
Digital Garden AS,3
Axilera Inc.,3
National Computational Infrastructure,3
Nope,3
RiftIO,3
Eayun,3
BCT-LLC,3
AMD,3
"Net One Systems Co,.Ltd",3
Dot Hill Systems Corp.,3
University of Kent,3
Interdynamix,3
Aricent,3
Blizzard Entertainment,3
Atomia,3
AeroFS,3
RMS,3
Calsoft,3
Target,3
"Kili.io, Inc",3
TCS,3
Ultimum Technologies,3
KyungHee University,3
ARRIS,3
MomentumSI,3
Lenovo,3
CloudDC,3
SJTU,3
Monash University,3
Clemson University,3
Universit?© de Sherbrooke,3
EISOO,3
InfoCamere SCpA,3
"Kattare, Inc.",2
CloudByte Technologies India Pvt. Ltd.,2
Ciklum,2
Linagora,2
Boston University,2
Glow Networks Inc,2
Studio Pyxis,2
Smile Open Source Solutions,2
Cloudbase,2
xiangcloud,2
CyVerse,2
Nworks Management inc.,2
Enea Software,2
Pacific Northwest National Laboratory,2
AddThis,2
RTSoft,2
University of Alaska,2
AFour Technologies,2
Coraid,2
Information & Communication laboratories - Industrial Technology Research Institute,2
Yineng multi-media,2
Middle East Technical University,2
myNET,2
ActiveState,2
JVIT LLC,2
Open Source Initiative,2
"Clearleap, Inc.",2
Nucleus Global,2
Wolf Den Associates,2
Cybershield,2
CloudRunner.IO,2
Method Park Engineering GmbH,2
Ravello Systems,2
ASD Tech,2
vArmour,2
Cognizant Technology Solution,2
"Huaxin Hospital, First Hospital of Tsinghua University",2
NuNet Systems LLC.,2
NJK Corporation,2
eSapiens Internet Ltda,2
"University of Toronto Libraries, Ontario Council of University Libraries, Scholars Portal",2
Bounce Storage,2
Swisscom,2
ExpressHosting.net,2
MERA NN,2
Pyladies Bangalore,2
Beijing GuoDianTong Network Technology,2
Boston Limited,2
eResearch SA,2
CACI International,2
Biarca,2
Cloudenablers,2
Nimbula,2
Hasso Plattner Institute,2
UL FRI,2
CenturyLink,2
Stratiscale,2
Vault Systems,2
SipWise,2
Wistron,2
CertusNet,2
Hystax,2
STRATO AG,1
Endurance Wind Power,1
NCCS,1
Reduxio,1
Altair Engineering,1
PayPal,1
Fermi National Accelerator Laboratory,1
Ticketmaster,1
Apcera Inc.,1
"Parkside Software, LLC",1
University of Maryland,1
Programmers of Vilnius,1
Seagate,1
Sonian,1
PthinkS,1
bcom,1
Rizumu,1
The University of Texas at San Antonio,1
PMI,1
Modit DataCenter Kft.,1
Persistent Ltd,1
Telecommucations systems inc,1
Hyperglance,1
Sangoma Technologies,1
Bell Mobility,1
"DeNA Co., Ltd.",1
Futurewei Technologies Inc.,1
LTC,1
21viacloud,1
tcp cloud a.s.,1
iQiyi,1
"QNAP Systems, Inc.",1
Virginia Commonwealth University,1
"Quantomic, LLC",1
Brinkster,1
Selectel Ltd.,1
ctrip,1
Indix,1
Open Networking Laboratory,1
HTW Berlin,1
Liveperson,1
Gentoo,1
Hedera Technology,1
Klarna AB,1
KINX,1
Intralinks,1
Drilling Info,1
fullsave,1
"Infortrend Technology, Inc.",1
JN Consulting,1
BVOX,1
Inocybe Technologies,1
Harmonic,1
Sberbank Technology,1
CMSS,1
Oodrive,1
Data Machines Corporation,1
LINBIT HA-Solutions,1
Limilo,1
Zymr Inc.,1
yy inc,1
MCC Software,1
Taobao,1
Enter srl,1
Pivotal,1
IIIT Hyderabad,1
Nine Internet Solutions AG,1
NextGrail,1
Deveryware,1
Managed IT,1
Sunayu LLC,1
,1
SIA Hostnet,1
"University of Messina, Italy",1
CC-IN2P3,1
Virtual Open Systems,1
TIS Inc.,1
Scalefactory,1
Flusso BV,1
Splitted-Desktop Systems,1
Korea Advanced Institute of Science and Technology KAIST,1
Python Software Foundation,1
ELITS,1
NGNware,1
IGBMC,1
K.K. Ashisuto,1
Telef??nica I+D,1
Student,1
Wipro,1
KEMP technologies.,1
KIO Networks,1
University of Minnesota,1
ITOCHU Techno-Solutions Corporation,1
HyperHQ,1
Happiestminds Technologies,1
Clayton State University,1
Maginatics,1
GIST,1
Canoncail,1
1928 diagnostics,1
Dyn Inc.,1
ARCCN,1
American Greetings,1
NIT Hamirpur,1
Tieto,1
AccionLabs,1
CETIC,1
Stack Evolution Ltd,1
Vinci Consulting Corp.,1
