independent,1886
Mirantis,635
HP,611
IBM,558
Rackspace,507
Red Hat,476
Intel,246
Cisco Systems,233
HPE,182
Huawei,146
Fujitsu,117
NEC,115
NTT,97
VMware,86
AT&T,77
EasyStack,68
ZTE Corporation,65
99cloud,59
Google,58
UnitedStack,57
Canonical,55
SUSE,48
Cloudbase Solutions,44
Ericsson,43
Yahoo!,38
Tata,37
Dell,37
DreamHost,35
eNovance,34
inwinSTACK,34
ThoughtWorks,32
Nebula,32
Symantec,32
EMC,32
Comcast,31
eBay,31
Cloudwatt,31
OpenStack Foundation,30
Sony Mobile Communications,30
Cloudscaling,29
NetApp,29
Alcatel Lucent,29
Universidade Federal de Campina Grande,29
Midokura,29
SAP,25
Grid Dynamics,24
Nokia,23
Hitachi,23
Awcloud,22
CERN,22
Citrix,22
Reliance,20
Piston Cloud,20
Internap,19
Tesora,18
PLUMgrid,18
China Mobile,18
Oracle,17
Orange,17
Persistent Systems,16
Puppet Labs,16
Deutsche Telekom,15
SwiftStack,15
Brocade,14
Mellanox,14
Workday,14
Objectif Libre,13
Aptira,13
GlobalLogic,12
Samsung,12
StackOps,12
B1 Systems GmbH,12
Nexenta,12
Linaro,11
Osones,11
Arista Networks,11
Thales,11
Walmart,10
SWITCH,10
LSD UFCG,10
Inspur,10
Time Warner Cable,10
Codethink,9
Big Switch Networks,9
Charter,9
Catalyst IT,9
Wikimedia Foundation,9
OVH,9
Fiberhome,9
H3C,8
iWeb,8
Seznam.cz,8
Bitergia,8
SINA,8
MIT,8
Parallels,8
University of Melbourne,8
Imaginea Technologies Inc.,8
Metacloud,8
Numergy,8
Cloudbau,7
HCL,7
Chinac,7
LETV,7
Izel Technologies,7
kylin cloud,7
x-ion,7
Chef,7
NetEase,7
StackStorm,7
Information Sciences Institute,7
GoDaddy,7
Solinea,6
FIT,6
Akanda,6
Hortonworks,6
Johns Hopkins University Applied Physics Laboratory,6
VA Linux,6
EPAM,6
Juniper,6
SolidFire,6
UMCloud,6
Bit-isle,6
Infoblox,5
DataCentred,5
Wanclouds,5
Stratoscale,5
Microsoft,5
Maplelabs,5
Blue Box,5
XLAB,5
GohighSec,5
T2Cloud,5
KT Corporation,5
Cray,5
6WIND,4
CirrusMio,4
Nuage Networks,4
Radware,4
F5 Networks,4
Pure Storage,4
The Linux Foundation,4
SoftLayer,4
The University of Melbourne,4
Docker,4
A10 Networks,4
Yandex,4
Allegro,4
Intracom Telecom,4
Metaswitch,4
Cavium Networks Montavista Group,4
Hastexo,4
B<>COM,4
Wind River,4
Anchor,4
KDDI,4
MapR,4
Locaweb,3
Zmanda,3
Bluehost,3
Lenovo,3
UTi Worldwide,3
Inktank,3
Snabb,3
Tintri,3
Verilume,3
StackMasters,3
TCS,3
Datera,3
NubeliU,3
Internet Initiative Japan Inc.,3
FathomDB,3
BBVA,3
PoleX,3
Virtuozzo,3
Belnet,3
Nimbis Services,3
Debian,3
Cybera,3
Rakuten,3
Dt Dream,3
ParElastic Corp,3
Opscode,3
JHU/APL,3
Dassault Systèmes,3
CSC,3
RackN,3
Betacloud Solutions GmbH,3
ITKey,3
Citrix Systems,3
Ammeon,3
Gridcentric,3
RiftIO,3
Bull,3
ZHAW ICCLab,3
CSIC,3
Scality,3
Telefonica I+D,3
Instituto de Telecomunicacoes,3
Stackinsider,3
One Convergence,2
Tunnel Vision Laboratories,2
Memset,2
Spil Games,2
WindRiver System,2
Redpill Linpro,2
Bounce Storage,2
MontaVista Software,2
CYSO,2
KVH,2
Styra,2
Create-Net,2
Percona,2
SBERBANK,2
Keio University,2
CenturyLink,2
OneCloud Inc,2
Platform9 Systems,2
Globo TV Networks,2
Aricent,2
Iron.io,2
BMW Car IT GmbH,2
Ubisoft Entertainment,2
Violin Memory,2
Embrane,2
Adva Optical Networking,2
Industrial Technology Research Institute,2
Zadara Storage,2
CIeNET Technologies,2
"Verisign, Inc",2
Eayun,2
Quobyte Inc.,2
University of Zurich,2
OnX Enterprise Solutions,2
Webzilla,2
ISP RAS,2
Bodeco,2
Stripes,2
Coraid,2
Inria,2
San Diego Supercomputer Center,2
CloudVPS,2
OCF plc,2
VMTurbo,2
Zetta.IO,2
IPHC - CNRS - University of Strasbourg,2
Siaras,2
Bloomberg,2
Veritas Technologies LLC,2
xiangcloud,2
Kickstarter,2
CertusNet,2
Nimble Storage,2
Dot Hill Systems Corp.,2
Overstock.com,2
Space Telescope Science Institute,2
University of Kent,2
DEK Technologies,2
Pluribus Networks,2
SysEleven GmbH,2
Ravello Systems,2
NJK Corporation,2
affiliated,2
StackHPC,2
INFN National Institute for Nuclear Physics,2
Avi Networks,2
JHUAPL,2
NASA,2
Siltech Telecom,2
Cirrax GmbH,2
TUBITAK,2
EISOO,2
Fortinet,2
"Kili.io, Inc",2
Calxeda,2
NeCTAR,2
VirtualBridges,2
Enea Software,2
Huron,2
Servosity,2
Quanta Research Cambridge,2
Beijing GuoDianTong Network Technology,2
University of Szeged,2
PowerTech Information Systems AS,1
Rightscale,1
AVID,1
jike.com,1
Business Connexion,1
tcp cloud a.s.,1
National Computational Infrastructure,1
University of Alaska,1
Ericpol Sp. z o.o,1
Pivotal,1
IGBMC,1
Argonne National Laboratory,1
iQiyi,1
SimpliVity,1
Swisscom,1
ctrip,1
Vinci Consulting Corp.,1
ELITS,1
XSky,1
Freescale,1
HTW Berlin,1
Alyseo,1
International Business Machines Corporation,1
Seagate,1
Biarca,1
KINX,1
STRATO AG,1
CGHackspace,1
Nine Internet Solutions AG,1
Pacific Northwest National Laboratory,1
AddThis,1
"SaltStack, Inc",1
Bacoosta IT Services,1
K.K. Ashisuto,1
Canoncail,1
Maginatics,1
Telef??nica I+D,1
Cloudscale AG,1
"Net One Systems Co,.Ltd",1
University of Maryland,1
"DeNA Co., Ltd.",1
Open Source Initiative,1
PNNL,1
GoodData,1
,1
Indix,1
Askbot,1
Taobao,1
"Clearleap, Inc.",1
Nworks Management inc.,1
Virtualtech,1
yy inc,1
Gentoo,1
Hyperglance,1
Apalia,1
Metsi Technologies,1
X-IO,1
"Quantomic, LLC",1
Bell Mobility,1
Marist College,1
NGNware,1
"University of Toronto Libraries, Ontario Council of University Libraries, Scholars Portal",1
Digital Garden AS,1
Oregon State University,1
Programmers of Vilnius,1
Happiestminds Technologies,1
InfoCamere SCpA,1
Rizumu,1
JN Consulting,1
Sonian,1
BVOX,1
Logilab,1
CloudByte Technologies India Pvt. Ltd.,1
NCCS,1
University of Chicago,1
IIIT Hyderabad,1
Cumulus Networks,1
Rage.Net,1
AMD,1
Selectel Ltd.,1
KIO Networks,1
MERA NN,1
Ticketmaster,1
company,1
Nippon Telegraph and Telephone Corporation,1
V3 Innovations,1
Drilling Info,1
Wipro,1
Pyladies Bangalore,1
Hedera Technology,1
Inocybe Technologies,1
Kakao Corp.,1
Splitted-Desktop Systems,1
Mail.Ru,1
Denali Systems,1
1928 diagnostics,1
Reduxio,1
Brinkster,1
LINBIT,1
Target,1
Clemson University,1
myNET,1
Universidad Polit?©cnica de Valencia,1
CyVerse,1
Enter srl,1
ggyy,1
HyperHQ,1
Apcera Inc.,1
iomart,1
SIA Hostnet,1
Blizzard Entertainment,1
Sunayu LLC,1
TIS Inc.,1
CRS4,1
Nope,1
Persistent Ltd,1
Flextronics,1
Interdynamix,1
Sberbank Technology,1
KEMP technologies.,1
Massachusetts Open Cloud,1
Cognizant Technology Solution,1
ProphetStor,1
Harmonic,1
Information & Communication laboratories - Industrial Technology Research Institute,1
RMS,1
Axilera Inc.,1
CACI International,1
Tegile Systems,1
CloudDC,1
"University of Essex, School of Computer Science and Electronic Engineering",1
eSapiens Internet Ltda,1
Zymr Inc.,1
Glow Networks Inc,1
SipWise,1
Limestone Networks,1
Modit DataCenter Kft.,1
UL FRI,1
Nucleus Global,1
Virginia Commonwealth University,1
fullsave,1
"Huaxin Hospital, First Hospital of Tsinghua University",1
American Greetings,1
Internet Solutions,1
"Sentinel Technologies, Inc.",1
BinaryFlows,1
Klarna AB,1
Tieto,1
NIT Hamirpur,1
Wistron,1
Fermi National Accelerator Laboratory,1
Python Software Foundation,1
HERE.com,1
AeroFS,1
bcom,1
Kakaroto,1
Stack Evolution Ltd,1
Managed IT,1
"University of Messina, Italy",1
PolyBeacon,1
21viacloud,1
Infinite,1
Atomia,1
Sohonet Ltd.,1
LINBIT HA-Solutions,1
Cloudbase,1
myown,1
GigaSpaces,1
Hystax,1
KyungHee University,1
Ciklum,1
Middle East Technical University,1
Topmanage,1
Noris Network AG,1
Flusso BV,1
InterhostAS,1
Scalefactory,1
MCC Software,1
The University of Texas at San Antonio,1
Coho Data,1
Universit?© de Sherbrooke,1
PthinkS,1
Hasso Plattner Institute,1
AccionLabs,1
RTSoft,1
Calsoft,1
LTC,1
Telecommucations systems inc,1
Cloudenablers,1
Oodrive,1
EverBread Inc,1
In August,1
ARRIS,1
SJTU,1
Boston Limited,1
Limilo,1
MomentumSI,1
Ultimum Technologies,1
Cybercom,1
Virtual Open Systems,1
Endurance Wind Power,1
Yineng multi-media,1
Futurewei Technologies Inc.,1
HubSpot,1
Servionica,1
BioMarin Pharmaceutical,1
Korea Advanced Institute of Science and Technology KAIST,1
Student,1
Chelsio Communications,1
Tigera,1
cPanel,1
vArmour,1
Dyn Inc.,1
"Parkside Software, LLC",1
Wolf Den Associates,1
Fermilab,1
"QNAP Systems, Inc.",1
Hetzner PTY Ltd,1
Sangoma Technologies,1
BCT-LLC,1
"Kattare, Inc.",1
The Apache Software Foundation,1
University of Minnesota,1
Deutsches Klimarechenzentrum GmbH,1
Portland State University,1
2GIS,1
Liveperson,1
TBM,1
Universidade Federal de S_o Carlos,1
Data Machines Corporation,1
Odin,1
eResearch SA,1
GIST,1
ARCCN,1
IPnett AB,1
La Honda Research,1
"VEXXHOST, Inc.",1
Altair Engineering,1
Bhabha Atomic Research Centre,1
Stratiscale,1
CETIC,1
ThomsonReuters,1
"Collabora, Ltd",1
Nimbula,1
USC-ISI,1
dotCloud Inc,1
ActiveState,1
"Infortrend Technology, Inc.",1
Salesforce,1
JVIT LLC,1
Spanish National Research Council,1
Magentoebay,1
CloudRunner.IO,1
"University of Ljubljana, Faculty of Computer and Information Science",1
Open Networking Laboratory,1
ExpressHosting.net,1
PMI,1
ASD Tech,1
ITOCHU Techno-Solutions Corporation,1
Smile Open Source Solutions,1
Boston University,1
Linagora,1
Clayton State University,1
Monash University,1
Cybershield,1
NuNet Systems LLC.,1
Ysance,1
gaoyang,1
Intralinks,1
Studio Pyxis,1
Method Park Engineering GmbH,1
NJTECH,1
Vault Systems,1
Easter-eggs,1
PayPal,1
"Hitach, Ltd.",1
AFour Technologies,1
CC-IN2P3,1
The Guardian,1
CMSS,1
NextGrail,1
Deveryware,1
